{
			"angle":  -0.40381348,
			"errorcode":  0,
			"errormsg":  "OK",
			"items":  [
				{
					"candword":  [],
					"coordpoint":  {
						"x":  [
							659,
							252,
							767,
							252,
							767,
							269,
							659,
							269
						]
					},
					"item":  "合同生效日期",
					"itemconf":  0.99996763,
					"itemcoord":  {
						"height":  20,
						"width":  222,
						"x":  546,
						"y":  250
					},
					"itemstring":  "2020年12月03日",
					"parag":  null,
					"words":  []
				},
				{
					"candword":  [],
					"coordpoint":  {
						"x":  [
							627,
							274,
							770,
							279,
							769,
							299,
							626,
							294
						]
					},
					"item":  "证件号码",
					"itemconf":  0.9966456,
					"itemcoord":  {
						"height":  26,
						"width":  222,
						"x":  549,
						"y":  274
					},
					"itemstring":  "441322197503143062",
					"parag":  null,
					"words":  []
				},
				{
					"candword":  [],
					"coordpoint":  {
						"x":  [
							217,
							276,
							266,
							278,
							265,
							297,
							216,
							294
						]
					},
					"item":  "投保人",
					"itemconf":  0.99988467,
					"itemcoord":  {
						"height":  22,
						"width":  133,
						"x":  134,
						"y":  276
					},
					"itemstring":  "张秀群",
					"parag":  null,
					"words":  []
				}
			],
			"session_id":  "4e0414d6-cd64-4f5d-96be-c6c1622052c4"
		}
